{"0":{"Store Name":"moms-organic-market-baltimore-8","Lat":39.3362950015,"Long":-76.6309842014},"1":{"Store Name":"moms-organic-market-timonium","Lat":39.4309523181,"Long":-76.6228368149},"2":{"Store Name":"moms-organic-market-nottingham-2","Lat":39.367671,"Long":-76.453512},"3":{"Store Name":"mom-s-organic-market-jessup-2","Lat":39.169474,"Long":-76.785194},"4":{"Store Name":"ok-natural-foods-baltimore","Lat":39.304271698,"Long":-76.6169891357},"5":{"Store Name":"sprouts-farmers-market-towson-2","Lat":39.39763,"Long":-76.584403},"6":{"Store Name":"whole-foods-market-baltimore","Lat":39.3683778,"Long":-76.6498366},"7":{"Store Name":"sprouts-farmers-market-baltimore-2","Lat":39.277394,"Long":-76.564266},"8":{"Store Name":"the-natural-market-timonium-2","Lat":39.43875,"Long":-76.63067},"9":{"Store Name":"pure-chocolate-by-jinji-baltimore","Lat":39.3634030026,"Long":-76.6083351942},"10":{"Store Name":"naked-lunch-timonium","Lat":39.4307359401,"Long":-76.62317409},"11":{"Store Name":"plantbar-towson","Lat":39.4015008541,"Long":-76.603416322},"12":{"Store Name":"aldi-towson","Lat":39.3853284,"Long":-76.5795309918},"13":{"Store Name":"818-market-catonsville-2","Lat":39.27153,"Long":-76.734614}}